sentiment,share
Unknown,0.8302086884066204
Fear,0.06566015225542551
Greed,0.053459834109760254
Extreme Greed,0.02661155929250464
Neutral,0.013047759724273756
Extreme Fear,0.011012006211415369
